date,open,high,low,close,Adj Close,Volume
2019/7/26,16.51,16.549999,16.469999,16.51,16.51,29000
2019/7/29,16.42,16.52,16.41,16.52,16.52,64000
2019/7/30,16.639999,16.639999,16.4,16.4,16.4,185000
2019/7/31,16.32,16.34,16.200001,16.34,16.34,56000
2019/8/1,16.09,16.26,16.040001,16.139999,16.139999,407000
2019/8/2,15.71,15.75,15.55,15.64,15.64,1489000
2019/8/5,15.52,15.56,15.32,15.38,15.38,469500
2019/8/6,14.71,15.37,14.7,15.27,15.27,1246000
2019/8/7,15.31,15.32,15.15,15.17,15.17,114000
2019/8/8,15.28,15.56,15.28,15.56,15.56,221000
2019/8/12,15.52,15.64,15.44,15.58,15.58,110000
2019/8/13,15.42,15.42,15.2,15.28,15.28,197000
2019/8/14,15.58,15.67,15.47,15.47,15.47,1271000
2019/8/15,15.1,15.21,15.03,15.14,15.14,360000
2019/8/16,15.16,15.45,15.1,15.45,15.45,146000
2019/8/19,15.56,15.65,15.5,15.65,15.65,315000
2019/8/20,15.65,15.75,15.65,15.73,15.73,130000
2019/8/21,15.72,15.78,15.7,15.78,15.78,222000
2019/8/22,15.91,15.98,15.7,15.7,15.7,327500
2019/8/23,15.73,15.83,15.72,15.8,15.8,188000
2019/8/26,15.35,15.39,15.2,15.29,15.29,383181
2019/8/27,15.4,15.47,15.39,15.41,15.41,88000
2019/8/28,15.49,15.59,15.49,15.55,15.55,77000
2019/8/29,15.55,15.6,15.51,15.6,15.6,54324
2019/8/30,15.88,16.030001,15.84,15.98,15.98,341000
2019/9/2,15.98,16.1,15.98,16.1,16.1,133000
2019/9/3,16.08,16.15,15.9,15.9,15.9,179000
2019/9/4,15.96,16.25,15.96,16.25,16.25,282000
2019/9/5,16.49,16.58,16.389999,16.48,16.48,94163
2019/9/6,16.59,16.620001,16.51,16.6,16.6,77000
2019/9/10,16.66,16.66,16.49,16.49,16.49,86000
2019/9/11,16.6,16.65,16.57,16.57,16.57,15000
2019/9/12,16.85,16.85,16.73,16.73,16.73,108000
2019/9/16,16.73,16.92,16.73,16.860001,16.860001,233986
2019/9/17,16.950001,16.950001,16.83,16.9,16.9,24000
2019/9/18,16.93,17.08,16.93,17.08,17.08,103000
2019/9/19,17.110001,17.16,16.879999,16.9,16.9,101000
2019/9/20,16.969999,17.09,16.969999,16.99,16.99,24000
2019/9/23,16.99,17.1,16.959999,17.049999,17.049999,41000
2019/9/24,17.040001,17.110001,16.950001,17.02,17.02,41000
2019/9/25,16.91,16.92,16.780001,16.790001,16.790001,86000
2019/9/26,17.01,17.01,16.85,16.85,16.85,63000
2019/9/27,16.98,17,16.76,16.76,16.76,123000
2019/10/1,17.02,17.200001,17,17.200001,17.200001,178986
2019/10/2,17.07,17.16,17.07,17.129999,17.129999,60000
2019/10/3,16.68,16.93,16.68,16.889999,16.889999,154000
2019/10/4,17,17.059999,16.809999,16.959999,16.959999,59000
2019/10/7,17.07,17.1,17.01,17.030001,17.030001,43000
2019/10/8,17.200001,17.379999,17.200001,17.32,17.32,91020
2019/10/9,17.190001,17.200001,17.01,17.02,17.02,45000
2019/10/14,17.52,17.6,17.43,17.57,17.57,245418
2019/10/15,17.629999,17.700001,17.620001,17.65,17.65,44300
2019/10/16,17.83,17.83,17.74,17.77,17.77,181120
2019/10/17,17.790001,17.85,17.790001,17.85,17.85,15000
2019/10/18,17.860001,18.049999,17.809999,17.870001,17.870001,41159
2019/10/21,17.870001,17.91,17.84,17.9,17.9,17000
2019/10/22,18.049999,18.17,18.01,18.139999,18.139999,67000
2019/10/23,18.15,18.17,17.950001,17.969999,17.969999,60000
2019/10/24,18.1,18.219999,18.1,18.209999,18.209999,33484
2019/10/25,18.370001,18.370001,18.24,18.27,18.27,25200
2019/10/28,18.42,18.42,18.35,18.379999,18.379999,27000
2019/10/29,18.5,18.540001,18.370001,18.379999,18.379999,30000
2019/10/30,18.32,18.48,18.32,18.459999,18.459999,25200
2019/10/31,18.549999,18.66,18.5,18.5,18.5,32000
2019/11/1,18.41,18.59,18.4,18.59,18.59,66140
2019/11/4,18.719999,19.17,18.719999,19.16,19.16,87200
2019/11/5,19.209999,19.41,19.209999,19.41,19.41,185000
2019/11/6,19.440001,19.57,19.379999,19.51,19.51,48000
2019/11/7,19.440001,19.440001,19.17,19.290001,19.290001,136000
2019/11/8,19.389999,19.389999,19.200001,19.25,19.25,31300
2019/11/11,19.17,19.17,18.709999,18.799999,18.799999,259300
2019/11/12,18.969999,19.02,18.860001,19.02,19.02,49000
2019/11/13,18.83,18.870001,18.76,18.809999,18.809999,27000
2019/11/14,18.93,18.93,18.68,18.790001,18.790001,27000
2019/11/15,19.1,19.18,19.049999,19.08,19.08,48300
2019/11/18,19.1,19.23,19.1,19.23,19.23,60000
2019/11/19,19.219999,19.48,19.219999,19.48,19.48,212000
2019/11/20,19.42,19.42,19.27,19.299999,19.299999,24000
2019/11/21,18.98,19.110001,18.82,19.110001,19.110001,97104
2019/11/22,19.16,19.24,19.08,19.17,19.17,67000
2019/11/25,19.34,19.34,19.219999,19.219999,19.219999,59000
2019/11/26,19.35,19.48,19.33,19.370001,19.370001,81200
2019/11/27,19.35,19.469999,19.32,19.469999,19.469999,51024
2019/11/28,19.469999,19.469999,19.379999,19.43,19.43,8000
2019/11/29,19.34,19.34,18.860001,18.860001,18.860001,377000
2019/12/2,19.040001,19.049999,18.82,18.879999,18.879999,35000
2019/12/3,18.82,19.040001,18.82,19,19,123000
2019/12/4,18.91,18.91,18.790001,18.9,18.9,23000
2019/12/5,19.110001,19.299999,19.110001,19.280001,19.280001,59000
2019/12/6,19.440001,19.5,19.23,19.32,19.32,131000
2019/12/9,19.43,19.610001,19.43,19.530001,19.530001,50102
2019/12/10,19.43,19.43,19.280001,19.360001,19.360001,40000
2019/12/11,19.34,19.59,19.33,19.59,19.59,30000
2019/12/12,19.799999,20.200001,19.799999,20.139999,20.139999,95000
2019/12/13,20.540001,20.610001,20.32,20.440001,20.440001,66000
2019/12/16,20.41,20.5,20.370001,20.5,20.5,50
2019/12/17,20.51,20.879999,20.51,20.879999,20.879999,21373
2019/12/18,20.790001,20.959999,20.790001,20.91,20.91,32000
2019/12/19,20.98,20.98,20.700001,20.74,20.74,180000
2019/12/20,20.67,20.74,20.5,20.610001,20.610001,47000
2019/12/23,20.58,20.610001,20.559999,20.610001,20.610001,22000
2019/12/24,20.700001,20.700001,20.629999,20.629999,20.629999,5000
2019/12/25,20.620001,20.73,20.620001,20.709999,20.709999,137000
2019/12/26,20.65,20.709999,20.65,20.690001,20.690001,3000
2019/12/27,20.85,20.99,20.85,20.969999,20.969999,64000
2019/12/30,21.01,21.02,20.85,20.889999,20.889999,109000
2019/12/31,20.65,20.790001,20.629999,20.65,20.65,195000
2020/1/2,20.77,21.030001,20.77,20.98,20.98,320095
2020/1/3,21.209999,21.26,20.620001,20.799999,20.799999,323000
2020/1/6,20.6,20.620001,20.469999,20.469999,20.469999,65000
2020/1/7,20.59,20.59,20.01,20.25,20.25,250000
2020/1/8,19.950001,20.25,19.85,20,20,124000
2020/1/9,20.23,20.57,20.23,20.530001,20.530001,117000
2020/1/10,20.67,20.76,20.450001,20.67,20.67,176048
2020/1/13,20.870001,21,20.77,20.969999,20.969999,121230
2020/1/14,21.200001,21.280001,21.139999,21.209999,21.209999,110000
2020/1/15,21.15,21.15,20.809999,20.870001,20.870001,115000
2020/1/16,20.690001,20.969999,20.68,20.879999,20.879999,23000
2020/1/17,21,21,20.85,20.92,20.92,28000
2020/1/20,21.08,21.200001,21.059999,21.1,21.1,95000
2020/1/30,19.84,19.889999,18.6,18.6,18.6,904000
2020/1/31,18.959999,19.16,18.700001,18.9,18.9,237000
2020/2/3,18.290001,18.49,17.889999,18.48,18.48,680052
2020/2/4,20.41,20.41,19.030001,19.030001,19.030001,540000
2020/2/5,19.200001,19.35,18.9,19.129999,19.129999,363000
2020/2/6,19.379999,19.73,19.379999,19.719999,19.719999,214000
2020/2/7,19.469999,19.469999,19.200001,19.290001,19.290001,147000
2020/2/10,18.76,19.280001,18.690001,19.08,19.08,101000
2020/2/11,19.370001,19.540001,19.360001,19.48,19.48,181000
2020/2/12,19.530001,19.91,19.530001,19.83,19.83,192000
2020/2/13,19.889999,20.030001,19.83,19.84,19.84,438000
2020/2/14,19.83,20.1,19.83,20,20,163000
2020/2/17,19.709999,19.889999,19.67,19.780001,19.780001,141000
2020/2/18,19.43,19.6,19.370001,19.4,19.4,175000
2020/2/19,19.48,19.9,19.370001,19.799999,19.799999,133000
2020/2/20,20.01,20.030001,19.59,19.700001,19.700001,151000
2020/2/21,19.65,19.799999,19.42,19.530001,19.530001,270000
2020/2/24,19.049999,19.25,18.92,19.059999,19.059999,329000
2020/2/25,18.85,19.16,18.75,19.129999,19.129999,344000
2020/2/26,18.629999,18.889999,18.559999,18.75,18.75,280165
2020/2/27,18.709999,18.719999,18.120001,18.26,18.26,690164
2020/3/2,17.76,18.25,17.57,18.02,18.02,1197110
2020/3/3,18.459999,18.549999,18.299999,18.35,18.35,782001
2020/3/4,18.51,18.51,18.219999,18.51,18.51,343000
2020/3/5,18.790001,18.959999,18.77,18.889999,18.889999,464400
2020/3/6,18.65,18.66,18.200001,18.23,18.23,554158
2020/3/9,17.559999,17.67,17.09,17.15,17.15,639000
2020/3/10,17.25,17.33,16.68,17.290001,17.290001,690000
2020/3/11,17.24,17.4,16.780001,16.790001,16.790001,366000
2020/3/12,16.52,16.52,14.89,15.22,15.22,1056000
2020/3/13,13.54,14.68,12.88,14.52,14.52,2653200
2020/3/16,14.39,14.48,13.3,13.38,13.38,1622090
2020/3/17,12.6,13.35,12.42,12.7,12.7,3783000
2020/3/18,12.63,12.77,11.94,11.94,11.94,2685000
2020/3/19,11.41,11.45,10.02,10.23,10.23,4045100
2020/3/20,10.97,12.15,10.92,11.92,11.92,4459000
2020/3/23,11.64,11.64,10.55,10.9,10.9,2563000
2020/3/24,11.88,12.46,11.87,12.15,12.15,4925000
2020/3/25,12.92,13.28,12.75,13.03,13.03,4568100
2020/3/26,13.23,13.39,12.76,13.28,13.28,2939000
2020/3/27,13.84,13.9,13.1,13.15,13.15,3184000
2020/3/30,12.62,13.14,12.32,13.07,13.07,2358000
2020/3/31,13.42,13.53,12.96,13.18,13.18,1420000
2020/4/1,13.27,13.32,13.11,13.18,13.18,819000
2020/4/6,13.55,13.7,13.2,13.67,13.67,1223500
2020/4/7,14.25,14.38,14,14.24,14.24,1336000
2020/4/8,14.23,14.72,14.19,14.68,14.68,888200
2020/4/9,14.75,14.88,14.4,14.59,14.59,1391000
2020/4/10,14.53,14.69,14.46,14.69,14.69,1066000
2020/4/13,14.51,14.71,14.4,14.53,14.53,638000
2020/4/14,14.71,15.33,14.69,15.31,15.31,1079000
2020/4/15,15.4,15.64,15.35,15.51,15.51,783000
2020/4/16,15.1,15.55,15.1,15.43,15.43,983000
2020/4/17,16.24,16.5,15.92,16.16,16.16,1382000
2020/4/20,16.16,16.18,15.92,16,16,576000
2020/4/21,15.82,15.91,15,15.1,15.1,3104000
2020/4/22,14.94,15.17,14.72,15.17,15.17,1145000
2020/4/23,15.36,15.7,15.02,15.4,15.4,1712000
2020/4/24,15.26,15.39,15.19,15.35,15.35,386000
2020/4/27,15.79,16.200001,15.71,16.200001,16.200001,1119000
2020/4/28,16.26,16.27,15.95,16.25,16.25,935000
2020/4/29,16.389999,16.83,16.389999,16.74,16.74,716348
2020/4/30,17,17.48,16.959999,17.42,17.42,768000
2020/5/4,16.299999,16.629999,16.25,16.450001,16.450001,1050000
2020/5/5,16.68,16.879999,16.52,16.690001,16.690001,568179
2020/5/6,16.58,16.84,16.379999,16.719999,16.719999,601000
2020/5/7,16.74,17.16,16.74,17.030001,17.030001,477175
2020/5/8,17.34,17.43,17.120001,17.26,17.26,466001
2020/5/11,17.52,17.67,17.370001,17.540001,17.540001,584000
2020/5/12,17.25,17.33,16.92,17.16,17.16,944000
2020/5/13,16.969999,17.299999,16.959999,17.290001,17.290001,698000
2020/5/14,17.1,17.16,16.77,16.790001,16.790001,860000
2020/5/15,17.059999,17.129999,16.620001,16.99,16.99,640000
2020/5/18,16.82,16.98,16.719999,16.790001,16.790001,1025000
2020/5/19,17.34,17.35,17.040001,17.16,17.16,1027000
2020/5/20,17.280001,17.360001,17.120001,17.209999,17.209999,480146
2020/5/21,17.41,17.700001,17.360001,17.6,17.6,744000
2020/5/22,17.379999,17.389999,16.83,16.860001,16.860001,932000
2020/5/25,17.030001,17.18,16.629999,17.18,17.18,525000
2020/5/26,17.42,17.76,17.35,17.67,17.67,878000
2020/5/27,17.700001,17.809999,17.469999,17.6,17.6,370000
2020/5/28,17.809999,17.870001,17.26,17.4,17.4,649000
2020/5/29,17.219999,17.49,17.1,17.49,17.49,361000
2020/6/1,17.66,17.98,17.65,17.889999,17.889999,471000
2020/6/2,17.969999,18.110001,17.940001,18.01,18.01,285000
2020/6/3,18.41,18.67,18.379999,18.639999,18.639999,728000
2020/6/4,18.940001,19,18.68,18.9,18.9,411000
2020/6/5,18.959999,19.200001,18.959999,19.190001,19.190001,298000
2020/6/8,19.5,19.709999,19.299999,19.559999,19.559999,378000
2020/6/9,19.629999,19.700001,19.4,19.65,19.65,275000
2020/6/10,19.68,20.08,19.65,20.02,20.02,403000
2020/6/11,20.02,20.09,19.209999,19.25,19.25,554000
2020/6/12,18.719999,19.33,18.57,19,19,1841001
2020/6/15,18.98,19.129999,18.469999,18.51,18.51,635050
2020/6/16,19.07,19.48,19.049999,19.379999,19.379999,618099
2020/6/17,19.41,19.52,19.200001,19.43,19.43,209000
2020/6/18,19.540001,19.66,19.23,19.549999,19.549999,371000
2020/6/19,19.620001,19.690001,19.48,19.57,19.57,284000
2020/6/22,19.549999,19.93,19.540001,19.58,19.58,459344
2020/6/23,19.99,20.030001,19.42,19.799999,19.799999,345000
2020/6/24,20.040001,20.15,19.950001,19.99,19.99,348050
2020/6/29,19.65,19.76,19.33,19.5,19.5,530050
2020/6/30,19.690001,19.93,19.65,19.879999,19.879999,198000
2020/7/1,19.959999,20.33,19.959999,20.120001,20.120001,344000
2020/7/2,20.209999,20.639999,20.18,20.639999,20.639999,251000
2020/7/3,20.91,21.129999,20.809999,21.059999,21.059999,285000
2020/7/6,21.389999,21.93,21.379999,21.9,21.9,351000
2020/7/7,22.209999,22.34,21.65,21.82,21.82,413000
2020/7/8,21.82,22.190001,21.82,22.110001,22.110001,214000
2020/7/9,22.389999,22.440001,22.1,22.17,22.17,368050
2020/7/10,22.280001,22.290001,21.639999,21.719999,21.719999,498000
2020/7/13,22.17,22.43,22.049999,22.4,22.4,289000
2020/7/14,22.299999,22.42,22.09,22.33,22.33,340000
2020/7/15,22.68,22.77,22.290001,22.450001,22.450001,421365
2020/7/16,22.43,22.5,21.950001,22.15,22.15,519000
2020/7/17,22.52,22.67,22.25,22.360001,22.360001,466500
2020/7/20,22.4,22.4,21.85,22.33,22.33,603000
2020/7/21,22.68,23.41,22.68,23.24,23.24,555250
2020/7/22,23.190001,23.549999,23.17,23.4,23.4,277100
2020/7/23,23.25,23.33,22.93,23.33,23.33,463000
2020/7/24,23.32,23.5,22.67,22.780001,22.780001,1151050
2020/7/27,23.92,24.25,23.809999,24,24,1043174
2020/7/28,25.18,25.58,23.67,23.879999,23.879999,1363201
2020/7/29,23.73,24.139999,23.620001,23.82,23.82,408000
2020/7/30,24.35,24.450001,24,24.360001,24.360001,341000
2020/7/31,24.27,24.540001,24.17,24.32,24.32,459200
2020/8/3,24.17,24.25,23.690001,23.75,23.75,429070
2020/8/4,24.07,24.49,24,24.49,24.49,344845
2020/8/5,24.76,24.9,24.59,24.9,24.9,351700
2020/8/6,25.41,25.610001,25,25.299999,25.299999,859000
2020/8/7,25.32,25.32,24.809999,25.01,25.01,423350
2020/8/10,24.950001,25.57,24.9,25.43,25.43,365196
2020/8/11,25.280001,25.440001,24.99,25,25,791120
2020/8/12,24.690001,24.74,24.280001,24.530001,24.530001,549300
2020/8/13,25.139999,25.139999,24.809999,24.92,24.92,239000
2020/8/14,24.639999,25.1,24.59,25.059999,25.059999,347000
2020/8/17,25.15,25.77,25.120001,25.76,25.76,919000
2020/8/18,25.809999,25.82,25.299999,25.41,25.41,562000
2020/8/19,25.639999,25.76,25.1,25.16,25.16,602113
2020/8/20,24.879999,24.889999,22.459999,23.27,23.27,1906050
2020/8/21,24.02,24.43,23.799999,24.25,24.25,665000
2020/8/24,24.34,24.639999,24.09,24.51,24.51,286000
2020/8/25,24.719999,25.18,24.629999,24.92,24.92,462050
2020/8/26,24.950001,25.15,24.809999,25.110001,25.110001,160000
2020/8/27,25.469999,25.690001,25,25.110001,25.110001,451000
2020/8/28,24.870001,25.120001,24.620001,24.809999,24.809999,565000
2020/8/31,25.110001,25.299999,24.360001,24.360001,24.360001,710000
2020/9/1,24.52,24.799999,24.219999,24.790001,24.790001,324000
2020/9/2,25.030001,25.09,24.450001,24.780001,24.780001,461000
2020/9/3,25.09,25.4,24.889999,25.01,25.01,596000
2020/9/4,24.34,24.6,24.110001,24.49,24.49,589000
2020/9/7,24.58,24.91,24.309999,24.440001,24.440001,342000
2020/9/8,24.559999,24.780001,24.5,24.709999,24.709999,226000
2020/9/9,24.110001,24.459999,23.809999,24.440001,24.440001,606000
2020/9/10,24.639999,24.799999,24.549999,24.700001,24.700001,762000
2020/9/11,24.67,24.77,24.5,24.690001,24.690001,3167000
2020/9/14,24.940001,25.33,24.85,25.299999,25.299999,1561000
2020/9/15,25.209999,25.610001,25.15,25.57,25.57,3339000
2020/9/16,25.940001,26.09,25.799999,25.969999,25.969999,501000
2020/9/17,25.74,26.030001,25.51,25.620001,25.620001,428000
2020/9/18,25.76,25.940001,25.620001,25.77,25.77,724000
2020/9/21,25.700001,25.959999,25.23,25.24,25.24,359230
2020/9/22,25.059999,25.08,24.440001,24.469999,24.469999,574000
2020/9/23,24.629999,24.709999,24.24,24.57,24.57,590000
2020/9/24,23.889999,24.02,23.219999,23.25,23.25,2743743
2020/9/25,23.540001,23.690001,22.99,23.280001,23.280001,836157
2020/9/28,23.549999,24.07,23.5,24.07,24.07,517000
2020/9/29,24.35,24.48,24.049999,24.17,24.17,385000
2020/9/30,24.309999,24.58,24.209999,24.389999,24.389999,324000
2020/10/5,24.780001,24.889999,24.379999,24.540001,24.540001,283080
2020/10/6,24.98,25.18,24.879999,25.09,25.09,339050
2020/10/7,24.93,25.389999,24.84,25.299999,25.299999,225000
2020/10/8,25.67,25.83,25.469999,25.799999,25.799999,383200
2020/10/12,26.1,26.360001,25.940001,26.08,26.08,804000
2020/10/13,26.16,26.190001,25.67,26.08,26.08,293000
2020/10/14,26,26.190001,25.92,25.959999,25.959999,163073
2020/10/15,25.780001,25.9,25.32,25.65,25.65,263000
2020/10/16,25.629999,25.85,25.32,25.33,25.33,265000
2020/10/19,25.620001,26.02,25.6,26.02,26.02,219005
2020/10/20,25.9,25.99,25.76,25.799999,25.799999,72000
2020/10/21,26,26.1,25.879999,25.950001,25.950001,122000
2020/10/22,25.73,25.98,25.690001,25.98,25.98,115000
2020/10/23,26.18,26.190001,25.9,26.059999,26.059999,145000
2020/10/26,26.16,26.42,26,26.16,26.16,188000
2020/10/27,25.9,25.98,25.76,25.92,25.92,201000
2020/10/28,25.84,25.870001,25.559999,25.629999,25.629999,75000
2020/10/29,24.950001,25.200001,24.73,25.09,25.09,621000
2020/10/30,24.889999,24.889999,24.5,24.52,24.52,522000
2020/11/2,24.66,24.73,24.32,24.73,24.73,363000
2020/11/3,25.129999,25.49,25.09,25.440001,25.440001,564000
2020/11/4,25.440001,26.129999,25.34,26.09,26.09,1017000
2020/11/5,26.219999,26.219999,25.959999,26.200001,26.200001,329060
2020/11/6,26.370001,26.58,26.26,26.43,26.43,639000
2020/11/9,27.139999,27.32,26.860001,27.219999,27.219999,428000
2020/11/10,27.16,27.280001,26.700001,26.93,26.93,276000
2020/11/11,26.950001,27.790001,26.940001,27.780001,27.780001,457000
2020/11/12,27.83,27.870001,27.450001,27.610001,27.610001,359180
2020/11/13,27.51,27.790001,27.35,27.75,27.75,193000
2020/11/16,28.4,29.049999,28.35,29.049999,29.049999,356000
2020/11/17,29.6,29.719999,29.16,29.24,29.24,319180
2020/11/18,29.299999,29.9,29.299999,29.809999,29.809999,218050
2020/11/19,29.74,29.940001,29.559999,29.799999,29.799999,224000
2020/11/20,29.690001,29.809999,29.5,29.780001,29.780001,128000
2020/11/23,30.309999,30.700001,30.18,30.51,30.51,388000
2020/11/24,30.57,30.639999,30.059999,30.17,30.17,396000
2020/11/25,30.540001,30.58,29.700001,29.700001,29.700001,417000
2020/11/26,29.940001,30.389999,29.9,30.360001,30.360001,325000
2020/11/27,30.16,30.51,30.030001,30.5,30.5,119030
2020/11/30,30.67,30.9,29.780001,29.780001,29.780001,372174
2020/12/1,30.25,30.43,29.950001,30.43,30.43,204000
2020/12/2,30.68,30.93,30.4,30.889999,30.889999,390000
2020/12/3,30.799999,31.27,30.639999,30.92,30.92,422175
2020/12/4,31.15,31.68,31.120001,31.67,31.67,247070
2020/12/7,31.92,32.099998,31.450001,31.940001,31.940001,273000
2020/12/8,31.85,32.59,31.790001,32.59,32.59,190000
2020/12/9,32.549999,32.939999,32.5,32.849998,32.849998,346080
2020/12/10,32.240002,32.419998,31.84,32.139999,32.139999,571174
2020/12/11,32.41,32.509998,31.469999,32.060001,32.060001,545110
2020/12/14,32.060001,32.27,31.950001,32.099998,32.099998,1890000
2020/12/15,31.860001,32.080002,31.24,31.299999,31.299999,4765000
2020/12/16,31.84,32.439999,31.83,32.369999,32.369999,486000
2020/12/17,32.48,32.52,31.9,32.279999,32.279999,230000
2020/12/18,32.360001,32.52,32.099998,32.169998,32.169998,221190
2020/12/21,32.200001,32.860001,31.639999,32.860001,32.860001,454000
2020/12/22,32.529999,32.98,31.83,31.85,31.85,340332
2020/12/23,31.799999,32.290001,31.65,32.189999,32.189999,251000
2020/12/24,32.400002,32.75,32.299999,32.580002,32.580002,185000
2020/12/25,32.900002,33.169998,32.619999,32.849998,32.849998,240000
2020/12/28,33.02,33.5,32.959999,33.48,33.48,226098
2020/12/29,33.5,33.549999,33.209999,33.419998,33.419998,134000
2020/12/30,33.580002,34.419998,33.549999,34.360001,34.360001,254000
2020/12/31,34.59,34.66,34.25,34.599998,34.599998,254000
2021/1/4,34.529999,35.740002,34.48,35.639999,35.639999,492000
2021/1/5,35.52,35.810001,35.32,35.810001,35.810001,1200000
2021/1/6,36.369999,36.779999,35.009998,35.759998,35.759998,2332083
2021/1/7,36.369999,37.360001,36.25,37.220001,37.220001,991000
2021/1/8,37.919998,38.330002,37.41,38.310001,38.310001,439005
2021/1/11,38.169998,38.720001,37.880001,38.720001,38.720001,361000
2021/1/12,38.700001,39.02,38.07,38.439999,38.439999,417000
2021/1/13,38.82,39.950001,38.82,39.889999,39.889999,538000
2021/1/14,39.290001,39.77,39.150002,39.549999,39.549999,397005
2021/1/15,40.900002,40.919998,39.02,39.060001,39.060001,748086
2021/1/18,39.32,39.32,37.700001,38.880001,38.880001,702086
2021/1/19,39.630001,40.709999,39.619999,40.580002,40.580002,788000
2021/1/20,40.52,40.720001,39.610001,39.709999,39.709999,502000
2021/1/21,40.07,42.080002,40.07,41.68,41.68,666000
2021/1/22,41.049999,41.549999,40.830002,41.18,41.18,335000
2021/1/25,41.080002,41.080002,39.779999,40.740002,40.740002,496000
2021/1/26,40.68,40.959999,38.799999,39.25,39.25,937000
2021/1/27,39.799999,40.169998,39.080002,39.419998,39.419998,373031
2021/1/28,38.040001,38.700001,37.700001,38.09,38.09,684000
2021/1/29,38.700001,38.759998,36.709999,36.709999,36.709999,540000
2021/2/1,36.990002,38.049999,36.66,37.939999,37.939999,803000
2021/2/2,38.57,40.099998,38.57,39.75,39.75,649000
2021/2/3,40.209999,40.330002,39.610001,39.939999,39.939999,384000
2021/2/4,39.220001,39.919998,38.799999,39.380001,39.380001,532000
2021/2/5,40.049999,40.91,39.810001,40.080002,40.080002,629000
2021/2/17,42.23,43.279999,42.07,43,43,1235000
2021/2/18,43.189999,44.150002,42.950001,43.48,43.48,431000
2021/2/19,43,43.130001,42.169998,43.040001,43.040001,476126
2021/2/22,43.68,44.349998,43.23,43.349998,43.349998,648000
2021/2/23,42.599998,43.779999,42.400002,43.73,43.73,496000
2021/2/24,42.98,43.68,42.119999,42.25,42.25,552000
2021/2/25,43.369999,43.599998,42.75,43.369999,43.369999,422000
2021/2/26,41.84,41.990002,40.66,40.779999,40.779999,1895000
2021/3/2,42.529999,42.549999,40.759998,40.759998,40.759998,505000
2021/3/3,41.369999,42.310001,40.799999,42.279999,42.279999,532136
2021/3/4,41.540001,41.599998,40.119999,40.880001,40.880001,753000
2021/3/5,39.400002,40.889999,39.18,40.349998,40.349998,637000
2021/3/8,41.200001,41.77,40.200001,40.32,40.32,735000
2021/3/9,39.919998,40.540001,39.389999,40.360001,40.360001,541000
2021/3/10,40.900002,41.150002,40.389999,40.560001,40.560001,346000
2021/3/11,41.169998,42.380001,41.139999,42.23,42.23,868000
2021/3/12,42.549999,42.700001,42.18,42.5,42.5,333000
2021/3/15,42.349998,42.580002,42.150002,42.43,42.43,230000
2021/3/16,42.540001,43.09,42.43,42.919998,42.919998,298069
2021/3/17,42.919998,43.02,42.259998,42.279999,42.279999,228021
2021/3/18,42.889999,43.650002,42.799999,42.900002,42.900002,927000
2021/3/19,42.049999,42.18,41.400002,41.689999,41.689999,668035
2021/3/22,41.509998,42.529999,41.169998,42.349998,42.349998,466000
2021/3/23,42.650002,43,42.119999,42.119999,42.119999,304000
2021/3/24,41.580002,41.900002,41.299999,41.369999,41.369999,708000
2021/3/25,41.25,42,40.950001,41.759998,41.759998,1171000
2021/3/26,42.119999,43.099998,42.049999,43.07,43.07,762000
2021/3/29,43.549999,44.119999,43.459999,43.700001,43.700001,709000
2021/3/30,44.099998,44.389999,43.799999,44.389999,44.389999,355000
2021/3/31,44.220001,44.400002,43.75,43.810001,43.810001,677000
2021/4/1,44.459999,44.650002,43.990002,44.48,44.48,278000
2021/4/7,45.599998,45.720001,45.209999,45.68,45.68,528000
2021/4/8,45.48,46.43,45.23,46.43,46.43,168000
2021/4/9,46.810001,46.810001,45.959999,46.09,46.09,233365
2021/4/12,46.299999,46.66,45.709999,46.040001,46.040001,450000
2021/4/13,46.310001,47.09,45.73,45.869999,45.869999,386000
2021/4/14,46.110001,46.43,44.66,45.970001,45.970001,375000
2021/4/15,46.27,47.139999,46.099998,47.139999,47.139999,278000
2021/4/16,47,47.580002,46.91,47.580002,47.580002,174000
2021/4/19,47.650002,48.5,47.630001,48.34,48.34,181000
2021/4/20,48.189999,48.580002,48,48.580002,48.580002,126056
2021/4/21,48.16,48.279999,47.75,48,48,198000
2021/4/22,48.630001,49.220001,47.57,47.779999,47.779999,452000
2021/4/23,47.73,48.529999,47.5,48.529999,48.529999,176000
2021/4/26,49.150002,50.150002,49.080002,50.150002,50.150002,315028
2021/4/27,50.049999,50.450001,49.849998,50.349998,50.349998,194000
2021/4/28,50.200001,50.299999,49.900002,50.200001,50.200001,305000
2021/4/29,50.75,51.099998,50.25,50.5,50.5,760000
2021/5/3,50.200001,50.200001,48.48,48.509998,48.509998,1939000
2021/5/4,48.84,48.860001,45.43,46.830002,46.830002,1512000
2021/5/5,46.889999,47.279999,46.049999,46.09,46.09,1490064
2021/5/6,46.73,47.580002,45.630001,46.900002,46.900002,468063
2021/5/7,47.860001,48.75,47.560001,48.75,48.75,667000
2021/5/10,48.889999,48.889999,48.139999,48.41,48.41,318041
2021/5/11,46.509998,46.98,43.950001,44.48,44.48,1947310
2021/5/12,44.259998,44.48,36.970001,40.5,40.5,3812049
2021/5/13,39.669998,41.48,38.5,39.48,39.48,1892100
2021/5/14,40.66,41.549999,39.82,40.439999,40.439999,1348000
2021/5/17,38.639999,40.189999,37.099998,38.060001,38.060001,2655000
2021/5/18,39.450001,42.310001,39.330002,42.310001,42.310001,2398134
2021/5/19,41.709999,42.610001,41.349998,42.02,42.02,1199010
2021/5/20,42,42.040001,40.889999,41.52,41.52,1393000
2021/5/21,43.139999,43.849998,42.099998,43,43,1701000
2021/5/24,42.41,43.599998,42.360001,43.360001,43.360001,1192000
2021/5/25,44,44.900002,43.91,44.82,44.82,1323000
2021/5/26,45.02,45.150002,44.369999,44.900002,44.900002,416000
2021/5/27,44.110001,44.57,43.48,44.560001,44.560001,830000
2021/5/28,45.580002,46.299999,45.290001,46.299999,46.299999,796088
2021/5/31,46.529999,47.450001,46.439999,47.060001,47.060001,849200
2021/6/1,47.400002,47.779999,47.130001,47.759998,47.759998,464000
2021/6/2,47.830002,48.060001,47.130001,47.52,47.52,465005
2021/6/3,48.169998,48.68,47.900002,48.279999,48.279999,575005
2021/6/4,47.450001,47.860001,47.349998,47.619999,47.619999,463059
2021/6/7,47.919998,47.919998,45.5,47.5,47.5,1179063
2021/6/8,47.810001,47.959999,47.200001,47.299999,47.299999,444010
2021/6/9,47.18,47.349998,46.349998,46.709999,46.709999,461011
2021/6/10,47.220001,47.880001,46.93,47.880001,47.880001,504006
2021/6/11,48.220001,48.599998,48.02,48.240002,48.240002,480000
2021/6/15,48.849998,49.189999,48.59,49.189999,49.189999,336000
2021/6/16,48.810001,49.25,48.66,49,49,340000
2021/6/17,48.099998,49.18,47.880001,49.18,49.18,407200
2021/6/18,49.209999,49.349998,48.900002,49.119999,49.119999,269001
2021/6/21,48.200001,48.470001,47,47.290001,47.290001,1044023
2021/6/22,48.16,48.349998,47.529999,47.529999,47.529999,244000
2021/6/23,48.200001,49.349998,47.91,49.25,49.25,444114
2021/6/24,49.310001,49.84,49.099998,49.5,49.5,272000
2021/6/25,50.049999,50.700001,49.799999,49.919998,49.919998,383000
2021/6/28,50.049999,50.650002,49.779999,50.599998,50.599998,1011025
2021/6/29,50.900002,51.049999,50.150002,50.5,50.5,214000
2021/6/30,50.900002,51.849998,50.900002,51.700001,51.700001,351000
2021/7/1,51.5,51.950001,50.799999,51.099998,51.099998,226000
2021/7/2,51.400002,51.650002,51,51.25,51.25,168000
2021/7/5,52,52.799999,52,52.799999,52.799999,210000
2021/7/6,52.950001,53,52.549999,52.650002,52.650002,157056
2021/7/7,52.200001,52.75,51.700001,52.049999,52.049999,196000
2021/7/8,52.450001,52.599998,51.700001,52.25,52.25,201000
2021/7/9,51.299999,51.549999,50.599998,51.25,51.25,579000
2021/7/12,52.599998,53,52,52.400002,52.400002,383000
2021/7/13,53.099998,53.450001,52.25,52.5,52.5,340000
2021/7/14,52.599998,52.799999,51.849998,52.400002,52.400002,378000
2021/7/15,52.650002,53.549999,52.5,53.549999,53.549999,334015
2021/7/16,52.25,52.799999,51.950001,52.799999,52.799999,319000
2021/7/19,51.849998,52.150002,51.25,52.049999,52.049999,343102
2021/7/20,51.5,51.599998,50.299999,50.549999,50.549999,835000
2021/7/21,51.150002,51.299999,49.799999,50.200001,50.200001,626110
2021/7/22,51.099998,51.75,50.799999,51.099998,51.099998,553000
2021/7/23,51.650002,52,51,51.150002,51.150002,414000
2021/7/26,51.349998,51.450001,50.099998,50.099998,50.099998,304102
2021/7/27,50.25,50.700001,49.700001,49.700001,49.700001,498000
2021/7/28,49.32,49.5,47.299999,48.369999,48.369999,2026250
2021/7/29,49.549999,50.599998,49.130001,50.599998,50.599998,653000
2021/7/30,50.099998,50.450001,49.470001,49.540001,49.540001,536003
2021/8/2,50.349998,51.25,49.639999,51.150002,51.150002,566000
2021/8/3,51.150002,51.549999,50.799999,51.549999,51.549999,255000
2021/8/4,51.599998,52,51.299999,51.950001,51.950001,312000
2021/8/5,51.849998,52.049999,51.700001,51.75,51.75,189000
2021/8/6,51.450001,51.450001,50.700001,51.400002,51.400002,234108
2021/8/9,50.549999,51.200001,50.049999,50.950001,50.950001,457050
2021/8/10,51.099998,51.150002,50.150002,50.200001,50.200001,375000
2021/8/11,50,50.400002,49.099998,49.650002,49.650002,539000
2021/8/12,49.73,49.950001,49.400002,49.57,49.57,272006
2021/8/13,49.52,49.52,48.380001,48.400002,48.400002,782000
2021/8/16,47.93,48.25,47.259998,47.599998,47.599998,597000
2021/8/17,47.93,47.959999,46.529999,46.529999,46.529999,607300
2021/8/18,45.470001,47.669998,45.360001,47.630001,47.630001,940000
2021/8/19,47.150002,47.150002,45.049999,45.049999,45.049999,1383000
2021/8/20,45.880001,45.950001,44.5,44.919998,44.919998,1016001
2021/8/23,46.290001,47.619999,46.209999,47.41,47.41,2003061
2021/8/24,48.119999,48.189999,47.630001,47.84,47.84,362062
2021/8/25,48.18,49,48.139999,48.939999,48.939999,592289
2021/8/26,49.720001,49.73,48.540001,49.040001,49.040001,932258
2021/8/27,48.950001,50.450001,48.880001,50.099998,50.099998,1314056
2021/8/30,50.450001,51.150002,50.400002,51.150002,51.150002,579000
2021/8/31,50.900002,51.700001,50,51.700001,51.700001,818000
2021/9/1,51.400002,52.049999,51.400002,51.900002,51.900002,863000
2021/9/2,51.650002,52.099998,50.799999,50.799999,50.799999,557019
2021/9/3,51.599998,52.400002,51.349998,52.200001,52.200001,664006
2021/9/6,52.049999,52.650002,51.700001,51.849998,51.849998,472000
2021/9/7,51.950001,52.099998,51.099998,51.549999,51.549999,349026
2021/9/8,51.400002,51.450001,50.049999,50.5,50.5,630000
2021/9/9,49.959999,50.849998,49.700001,50.599998,50.599998,385077
2021/9/10,50.849998,51.950001,50.849998,51.950001,51.950001,1044000
2021/9/13,51.700001,51.950001,51.200001,51.75,51.75,355040
2021/9/14,52.099998,52.349998,51.700001,51.799999,51.799999,232000
2021/9/15,51.5,51.700001,50.799999,51.349998,51.349998,256000
2021/9/16,51.5,51.599998,50.650002,50.900002,50.900002,276000
2021/9/17,50.75,51.75,50.5,51.349998,51.349998,347000
2021/9/22,48.599998,49.09,48.07,48.810001,48.810001,1181000
2021/9/23,49.5,50.150002,49.400002,49.849998,49.849998,458000
2021/9/24,50.5,50.950001,50.450001,50.700001,50.700001,384000
2021/9/27,51.150002,51.400002,50.799999,51,51,349002
2021/9/28,50.200001,50.349998,49.73,50.200001,50.200001,461000
2021/9/29,48.790001,48.860001,48.099998,48.259998,48.259998,1069100
2021/9/30,48.439999,49.150002,47.779999,48.880001,48.880001,848000
2021/10/1,48.040001,48.049999,46.099998,46.389999,46.389999,1997100
2021/10/4,47.07,47.200001,45.52,45.880001,45.880001,809000
2021/10/5,44.669998,46.110001,44.400002,45.970001,45.970001,1571000
2021/10/6,46.360001,46.459999,45.299999,45.790001,45.790001,1429000
2021/10/7,46.77,47.98,46.759998,47.759998,47.759998,1390000
2021/10/8,47.82,47.93,47.060001,47.18,47.18,622000
2021/10/12,45.830002,46.299999,45.349998,46.099998,46.099998,1020004
2021/10/13,46.75,46.84,45.549999,45.720001,45.720001,622000
2021/10/14,46.529999,46.700001,45.689999,46.02,46.02,622000
2021/10/15,47.310001,48.02,46.939999,48,48,1192009
2021/10/18,48.330002,48.5,47.700001,47.759998,47.759998,713000
2021/10/19,48.200001,48.939999,48.07,48.82,48.82,640000
2021/10/20,49.009998,49.130001,48.650002,48.77,48.77,410000
2021/10/21,48.869999,49.639999,48.450001,48.540001,48.540001,934000
2021/10/22,48.709999,48.830002,48.110001,48.619999,48.619999,451000
2021/10/25,48.279999,49,47.959999,48.82,48.82,532000
2021/10/26,49.27,49.790001,49.16,49.66,49.66,471060
2021/10/27,49.34,49.799999,49.099998,49.799999,49.799999,404084
2021/10/28,49.599998,49.959999,49.299999,49.66,49.66,430269
2021/10/29,49.57,49.580002,48.66,49.07,49.07,427000
2021/11/1,49.720001,50.099998,49.619999,49.860001,49.860001,453233
2021/11/2,50.25,50.799999,49.400002,49.57,49.57,709000
2021/11/3,49.889999,50.049999,49.709999,49.93,49.93,187000
2021/11/4,50.75,50.75,49.900002,49.93,49.93,340000
2021/11/5,50.400002,51.049999,50.049999,51.049999,51.049999,351058
2021/11/8,51.099998,51.849998,51,51.849998,51.849998,316038
2021/11/9,52.349998,52.849998,52.349998,52.700001,52.700001,574000
2021/11/10,52.549999,52.75,52.299999,52.5,52.5,1232000
2021/11/11,51.849998,52.5,51.700001,52,52,743000
2021/11/12,52.549999,53.099998,52.25,52.549999,52.549999,343000
2021/11/15,53.150002,53.5,52.900002,53.349998,53.349998,184056
2021/11/16,53.349998,53.549999,53.25,53.5,53.5,250000
2021/11/17,53.599998,53.849998,53.299999,53.799999,53.799999,344000
2021/11/18,54.099998,54.599998,53.950001,54.599998,54.599998,361000
2021/11/19,55,55.049999,54.299999,54.5,54.5,256185
2021/11/22,54.400002,54.650002,54.25,54.349998,54.349998,104000
2021/11/23,53.799999,53.849998,53.299999,53.299999,53.299999,491000
2021/11/24,53.25,53.549999,52.950001,53.349998,53.349998,310000
2021/11/25,53.400002,53.450001,53.049999,53.349998,53.349998,99000
2021/11/26,52.650002,52.799999,51.25,51.349998,51.349998,950000
2021/11/29,51.049999,51.849998,50.5,51.200001,51.200001,1137020
2021/11/30,51.849998,52.599998,51.299999,51.450001,51.450001,508000
2021/12/1,51.400002,53.099998,51.400002,52.900002,52.900002,446093
2021/12/2,52.5,53.549999,52.400002,53.5,53.5,424000
2021/12/3,53.700001,53.799999,53.150002,53.650002,53.650002,198000
2021/12/6,53,53.700001,52.5,53.5,53.5,397000
2021/12/7,53.5,54,52.950001,54,54,370000
2021/12/8,55.099998,55.299999,54.549999,54.650002,54.650002,1104000
2021/12/9,54.900002,55,54.200001,54.650002,54.650002,576000
2021/12/10,54.299999,54.599998,54,54.349998,54.349998,202000
2021/12/13,54.650002,54.849998,54.200001,54.200001,54.200001,179000
2021/12/14,53.599998,53.599998,52.700001,52.849998,52.849998,1301000
2021/12/15,52.799999,53.25,52.599998,53.099998,53.099998,220000
2021/12/16,54.049999,54.5,53.700001,54.5,54.5,412000
2021/12/17,54.049999,54.450001,53.900002,54.25,54.25,236000
2021/12/20,54,54.200001,53.099998,53.349998,53.349998,337000
2021/12/21,53.599998,54.650002,53.5,54.549999,54.549999,381001
2021/12/22,54.650002,54.650002,54.349998,54.599998,54.599998,171000
2021/12/23,55.200001,55.549999,55.049999,55.299999,55.299999,341000
2021/12/24,55.700001,55.900002,55.400002,55.450001,55.450001,307000
2021/12/27,55.700001,56.299999,55.650002,56.200001,56.200001,292000
2021/12/28,56.5,56.950001,56.450001,56.900002,56.900002,842202
2021/12/29,57.049999,57.549999,56.900002,57.400002,57.400002,547000
2021/12/30,57.349998,57.349998,56.900002,57.099998,57.099998,331100
2022/1/3,57.799999,58.150002,57.049999,57.349998,57.349998,710000
2022/1/4,58.049999,59,58.049999,59,59,983000
2022/1/5,59.049999,59.099998,58.5,58.549999,58.549999,742100
2022/1/6,57.849998,58.299999,57.200001,57.799999,57.799999,944000
2022/1/7,58.299999,58.400002,56.5,56.75,56.75,1012038
2022/1/10,56.099998,57.25,55.799999,57.200001,57.200001,326400
2022/1/11,57.200001,57.549999,56.349998,57.200001,57.200001,689000
2022/1/12,57.950001,58,57.400002,57.900002,57.900002,680173
2022/1/13,58.099998,58.599998,58,58.5,58.5,264000
2022/1/14,58.700001,58.700001,57.049999,58,58,625000
2022/1/17,58.400002,59.049999,58.299999,59.049999,59.049999,319000
2022/1/18,58.799999,59.299999,58.150002,58.25,58.25,1146000
2022/1/19,57.349998,57.849998,56.900002,57.049999,57.049999,782100
2022/1/20,57.049999,57.650002,56.400002,57.450001,57.450001,480053
2022/1/21,55.950001,56.099998,54.900002,55.150002,55.150002,637200
2022/1/24,54.5,55.700001,54.099998,55.650002,55.650002,543000
2022/1/25,54.25,54.450001,53.299999,53.900002,53.900002,910200
2022/1/26,53.549999,54.299999,53.549999,53.599998,53.599998,741000
2022/2/7,54.400002,55.25,54.049999,55.200001,55.200001,607000
2022/2/8,55.75,56.150002,55.700001,55.799999,55.799999,556000
2022/2/9,56.25,56.900002,56.200001,56.849998,56.849998,338000
2022/2/10,57,57.849998,56.650002,57.849998,57.849998,323010
2022/2/11,57,57.549999,57,57.5,57.5,250000
2022/2/14,56.5,56.5,55.400002,55.799999,55.799999,1253000
2022/2/15,55.650002,56.349998,55.25,55.5,55.5,249000
2022/2/16,56.900002,57.299999,56.75,57.25,57.25,693000
2022/2/17,57.5,58.049999,57.099998,57.450001,57.450001,464185
2022/2/18,56.5,57.549999,56.400002,57.450001,57.450001,322100
2022/2/21,56.650002,57.400002,56.400002,57.349998,57.349998,172000
2022/2/22,56.349998,56.450001,54.650002,55.5,55.5,756050
2022/2/23,55.75,56.299999,55.599998,56.200001,56.200001,320000
2022/2/24,54.849998,55,53.150002,53.25,53.25,836000
2022/2/25,53.75,53.950001,53,53.299999,53.299999,714000
2022/3/1,54.099998,55.5,54.099998,55.349998,55.349998,657000
2022/3/2,54.700001,55.25,54.450001,55,55,226000
2022/3/3,55.400002,55.650002,55.049999,55.299999,55.299999,204000
2022/3/4,53.950001,54.5,53.700001,54.049999,54.049999,310000
2022/3/7,52,52.150002,50.25,50.400002,50.400002,1620100
2022/3/8,49.360001,50.099998,48.209999,48.310001,48.310001,1041000
2022/3/9,49.360001,49.849998,49.080002,49.560001,49.560001,547000
2022/3/10,51.400002,52.400002,51.400002,52.150002,52.150002,930038
2022/3/11,51.700001,51.799999,50.799999,50.900002,50.900002,462100
2022/3/14,51.599998,51.799999,50.650002,51.150002,51.150002,469000
2022/3/15,50.5,50.5,48.959999,49.09,49.09,792000
2022/3/16,50,50.049999,48.619999,49.439999,49.439999,473000
2022/3/17,52,52.650002,51.599998,52.549999,52.549999,1025000
2022/3/18,52.349998,52.450001,51.700001,52.099998,52.099998,408000
2022/3/21,52.849998,53.150002,52.5,52.650002,52.650002,369000
2022/3/22,52.549999,52.950001,52.450001,52.900002,52.900002,251000
2022/3/23,53.599998,54.099998,53.450001,54.049999,54.049999,612300
2022/3/24,53.450001,53.900002,53.049999,53.799999,53.799999,248000
2022/3/25,53.950001,54,53.299999,53.549999,53.549999,615000
2022/3/28,52.200001,52.700001,51.599998,52.650002,52.650002,405000
2022/3/29,52.950001,53.099998,52.650002,52.849998,52.849998,374000
2022/3/30,53.799999,54.200001,53.650002,54.150002,54.150002,429100
2022/3/31,54.200001,54.25,53.549999,53.599998,53.599998,197000
2022/4/1,52.450001,53,52.25,53,53,426015
2022/4/6,51.950001,52.700001,51.599998,52.599998,52.599998,765000
2022/4/7,51.700001,52,50.5,50.5,50.5,483040
2022/4/8,50.799999,51.549999,50.700001,51.400002,51.400002,217000
2022/4/11,51.150002,51.400002,49.59,49.709999,49.709999,555020
2022/4/12,49.419998,50.099998,49.150002,49.740002,49.740002,466000
2022/4/13,50.5,51.5,50.450001,51.400002,51.400002,513000
2022/4/14,51.599998,51.599998,51.200001,51.299999,51.299999,525000
2022/4/15,50.150002,50.349998,49.529999,49.549999,49.549999,609007
2022/4/18,48.970001,49.52,48.619999,48.919998,48.919998,362000
2022/4/19,49.799999,50.299999,49.73,49.790001,49.790001,320000
2022/4/20,50.099998,50.299999,49.619999,50.200001,50.200001,882000
2022/4/21,50.900002,51.099998,50.400002,50.450001,50.450001,757030
2022/4/22,49.200001,49.82,49.029999,49.82,49.82,374000
2022/4/25,48.130001,48.25,47.029999,47.299999,47.299999,1854000
2022/4/26,47.77,47.799999,47.200001,47.310001,47.310001,355000
2022/4/27,45.639999,46.02,45.060001,45.639999,45.639999,941000
2022/4/28,46,46.400002,45.380001,46.189999,46.189999,1399000
2022/4/29,47.380001,47.599998,46.939999,47.220001,47.220001,581000
2022/5/3,47.150002,47.189999,46.57,46.759998,46.759998,450000
2022/5/4,47.200001,47.349998,46.869999,46.959999,46.959999,134000
2022/5/5,48.279999,48.389999,47.77,47.91,47.91,1204000
2022/5/6,45.860001,46.110001,45.560001,46.040001,46.040001,609000
2022/5/9,44.889999,45.009998,44.150002,44.150002,44.150002,1347000
2022/5/10,42.84,44.32,42.599998,44.220001,44.220001,905000
2022/5/11,43.860001,44.330002,43.57,44.09,44.09,331000
2022/5/12,43.32,43.419998,41.950001,41.950001,41.950001,983406
2022/5/13,42.799999,43.200001,42.619999,43.080002,43.080002,397000
2022/5/16,44.049999,44.200001,43.130001,43.509998,43.509998,449059
2022/5/17,43.919998,44.439999,43.75,44.43,44.43,798000
2022/5/18,44.970001,45.450001,44.810001,45.34,45.34,520000
2022/5/19,43.599998,43.990002,43.240002,43.990002,43.990002,466000
2022/5/20,44.400002,44.950001,44.299999,44.82,44.82,320000
2022/5/23,45.419998,45.439999,44.619999,45.009998,45.009998,355000
2022/5/24,45.009998,45.049999,43.830002,43.880001,43.880001,530054
2022/5/25,44.139999,44.950001,44.049999,44.740002,44.740002,282000
2022/5/26,45.169998,45.169998,43.810001,43.939999,43.939999,256192
2022/5/27,44.880001,45.5,44.849998,45.5,45.5,646400
2022/5/30,46.66,47.41,46.52,47.41,47.41,576000
2022/5/31,46.91,48,46.790001,48,48,1080000
2022/6/1,47.759998,48.349998,47.689999,47.779999,47.779999,1021000
2022/6/2,47.02,47.5,46.869999,47.119999,47.119999,380000
2022/6/6,47.57,47.720001,46.799999,47.52,47.52,184000
2022/6/7,47.009998,47.060001,46.48,46.700001,46.700001,356000
2022/6/8,47.41,47.990002,47.400002,47.68,47.68,279025
2022/6/9,47.23,47.540001,47.119999,47.439999,47.439999,228000
2022/6/10,46.119999,46.849998,46.119999,46.75,46.75,315000
2022/6/13,44.529999,44.599998,44.110001,44.400002,44.400002,531000
2022/6/14,43.740002,44.48,43.279999,44.419998,44.419998,646230
2022/6/15,44.07,44.5,43.849998,43.950001,43.950001,1806025
2022/6/16,45.27,45.43,43.209999,43.25,43.25,1742000
2022/6/17,42.200001,42.619999,41.790001,42.119999,42.119999,1131000
2022/6/20,42.139999,42.259998,40.869999,40.869999,40.869999,1571012
2022/6/21,41.900002,42.939999,41.599998,42.939999,42.939999,1286008
2022/6/22,42.439999,42.459999,40.880001,41.060001,41.060001,1356000
2022/6/23,41.5,41.5,39.889999,40.400002,40.400002,2073000
2022/6/24,41.34,41.630001,40.720001,40.959999,40.959999,1265000
2022/6/27,42.150002,43.029999,42.110001,42.540001,42.540001,2427001
2022/6/28,42.43,42.439999,41.450001,41.830002,41.830002,1212000
2022/6/29,41,41.52,40.849998,41.07,41.07,878000
2022/6/30,40.360001,40.369999,38.810001,38.810001,38.810001,2579008
2022/7/1,38.900002,38.900002,36.259998,36.48,36.48,3280033
2022/7/4,36.48,37.150002,35.689999,36.150002,36.150002,2591000
2022/7/5,37.650002,37.689999,35.450001,36.689999,36.689999,2488000
2022/7/6,36.66,36.73,34.98,35.02,35.02,2062038
2022/7/7,35.560001,36.950001,34.75,36.73,36.73,2771000
2022/7/8,37.349998,37.919998,36.880001,37.470001,37.470001,1791000
2022/7/11,37.849998,37.849998,36.66,36.900002,36.900002,2760000
2022/7/12,36.040001,36.040001,34.700001,35,35,1705000
2022/7/13,36.779999,37.18,36.549999,36.880001,36.880001,2680258
2022/7/14,36.330002,37.619999,36.049999,37.41,37.41,1629000
2022/7/15,37.549999,38.139999,37.150002,38,38,1810050
2022/7/18,38.169998,38.77,37.93,38.669998,38.669998,2038000
2022/7/19,38.290001,38.990002,38.259998,38.889999,38.889999,1182000
2022/7/20,39.98,40.009998,39.099998,39.27,39.27,1432000
2022/7/21,39.529999,40.169998,39.169998,40.169998,40.169998,1333000
2022/7/22,40.209999,40.57,40,40.209999,40.209999,972000
2022/7/25,39.91,40.57,39.799999,40.360001,40.360001,902100
2022/7/26,40.130001,40.299999,39.57,39.799999,39.799999,1102003
2022/7/27,39.830002,40.310001,39.41,40.310001,40.310001,840000
2022/7/28,41,41.119999,40.310001,40.369999,40.369999,964000
2022/7/29,41.290001,41.389999,40.779999,40.970001,40.970001,1023000
2022/8/1,40.970001,41.16,40.439999,40.900002,40.900002,895000
2022/8/2,39.869999,39.98,39.27,39.529999,39.529999,1422000
2022/8/3,39.669998,39.900002,39.400002,39.66,39.66,746230
2022/8/4,39.700001,39.900002,38.599998,39.540001,39.540001,1682000
2022/8/5,40.639999,41.529999,40.619999,41.5,41.5,1571000
2022/8/8,40.970001,41.299999,40.860001,41.27,41.27,914003
2022/8/9,40.82,41.799999,40.68,41.43,41.43,752000
2022/8/10,40.599998,41.099998,40.549999,40.84,40.84,798000
2022/8/11,42.200001,42.439999,41.98,42.349998,42.349998,972000
2022/8/12,42.630001,43.09,42.549999,43.02,43.02,822000
2022/8/15,43.369999,43.830002,43.16,43.66,43.66,907000
2022/8/16,43.700001,43.889999,43.580002,43.709999,43.709999,656000
2022/8/17,43.779999,43.880001,43.529999,43.779999,43.779999,462200
2022/8/18,43.220001,43.5,42.990002,43.43,43.43,600000
2022/8/19,43.400002,43.950001,43.259998,43.68,43.68,359000
2022/8/22,42.630001,43.049999,42.599998,42.91,42.91,511000
2022/8/23,42.099998,42.299999,41.869999,41.900002,41.900002,1133025
2022/8/24,42.279999,42.330002,41.650002,41.790001,41.790001,621028
2022/8/25,42.380001,42.900002,42.34,42.66,42.66,672000
2022/8/26,43.290001,43.419998,43,43.07,43.07,682000
2022/8/29,40.700001,41.099998,40.389999,40.849998,40.849998,1523000
2022/8/30,40.900002,41.59,40.82,41.349998,41.349998,576000
2022/8/31,40.790001,41.990002,40.73,41.939999,41.939999,767000
2022/9/1,40.360001,40.549999,39.900002,40.189999,40.189999,1545000
2022/9/2,40.189999,40.290001,39.529999,39.529999,39.529999,952000
2022/9/5,39.77,40.07,39.299999,39.529999,39.529999,643000
2022/9/6,40.169998,40.299999,39.279999,39.630001,39.630001,624249
2022/9/7,38.580002,38.650002,38.049999,38.049999,38.049999,1391000
2022/9/8,38.599998,39.02,38.34,38.98,38.98,891000
2022/9/12,40.43,40.580002,40.139999,40.439999,40.439999,1261000
2022/9/13,41.060001,41.16,40.650002,40.860001,40.860001,824000
2022/9/14,38.810001,39.599998,38.799999,39.369999,39.369999,1009000
2022/9/15,39.34,39.98,39.240002,39.650002,39.650002,420000
2022/9/16,38.82,39.02,38.720001,38.869999,38.869999,639000
2022/9/19,39.080002,39.119999,38.41,38.509998,38.509998,548000
2022/9/20,38.91,39.200001,38.709999,39.139999,39.139999,511000
2022/9/21,38.73,38.919998,38.41,38.599998,38.599998,525000
2022/9/22,37.389999,37.66,36.869999,37.580002,37.580002,1473000
2022/9/23,37.380001,37.599998,36.709999,36.98,36.98,932007
2022/9/26,35.990002,36,35.060001,35.099998,35.099998,2287385
2022/9/27,35.599998,35.650002,35.049999,35.41,35.41,986000
2022/9/28,35.459999,35.59,33.75,33.759998,33.759998,2029000
2022/9/29,34.52,34.599998,33.700001,33.990002,33.990002,1530000
2022/9/30,33.009998,33.549999,32.810001,33.290001,33.290001,1688000
2022/10/3,32.57,33.48,32.52,32.689999,32.689999,1272000
2022/10/4,34.099998,34.330002,33.75,34.23,34.23,1578000
2022/10/5,34.98,35.630001,34.900002,35.209999,35.209999,2302001
2022/10/6,35.68,35.709999,35.32,35.580002,35.580002,1168000
2022/10/7,35.130001,35.290001,34.66,34.73,34.73,1134020
2022/10/11,32.52,32.68,31.66,31.709999,31.709999,3023000
2022/10/12,31.690001,31.889999,31.129999,31.6,31.6,1786000
2022/10/13,31.59,31.6,30.290001,30.299999,30.299999,2093000
2022/10/14,31.85,32.349998,31.52,31.93,31.93,2187000
2022/10/17,30.98,31.139999,30.299999,31.059999,31.059999,2221000
2022/10/18,31.99,32.02,31.15,31.75,31.75,2161000
2022/10/19,31.620001,32.049999,31.200001,31.25,31.25,1467000
2022/10/20,30.17,30.809999,29.709999,30.799999,30.799999,3769050
2022/10/21,30.84,31,30.32,30.4,30.4,1393000
2022/10/24,31.440001,31.5,30.690001,30.690001,30.690001,2016000
2022/10/25,30.690001,30.690001,29.65,29.870001,29.870001,2478174
2022/10/26,29.92,30.450001,29.700001,30.09,30.09,1568000
2022/10/27,30.75,31.139999,30.73,30.940001,30.940001,1734000
2022/10/28,30.67,30.85,30.040001,30.139999,30.139999,1309000
2022/10/31,30.790001,31.18,30.5,30.93,30.93,1529000
2022/11/1,30.940001,31.700001,30.91,31.4,31.4,1391000
2022/11/2,31.379999,31.709999,31.33,31.700001,31.700001,1117000
2022/11/3,30.719999,31.15,30.719999,31.139999,31.139999,1230000
2022/11/4,30.719999,31.440001,30.549999,31.42,31.42,1596000
2022/11/7,31.93,32.48,31.719999,32.349998,32.349998,1909120
2022/11/8,32.75,33.09,32.75,32.82,32.82,1998000
2022/11/9,33.400002,34.189999,33.369999,34.119999,34.119999,2285129
2022/11/10,33.799999,33.919998,33.490002,33.73,33.73,5389000
2022/11/11,36.16,36.360001,35.639999,36.299999,36.299999,6067040
2022/11/14,36.740002,37.119999,36.549999,36.91,36.91,1650100
2022/11/15,37.52,39.099998,37.369999,39.009998,39.009998,3029193
2022/11/16,39.209999,39.389999,38.5,39.110001,39.110001,4333087
2022/11/17,38.830002,39.32,38.389999,39.259998,39.259998,3823000
2022/11/18,39.310001,40.060001,38.790001,38.950001,38.950001,1668000
2022/11/21,38.959999,39.18,38.650002,38.709999,38.709999,548000
2022/11/22,38.599998,39.25,38.41,39.080002,39.080002,722000
2022/11/23,39.779999,39.849998,39.389999,39.68,39.68,628000
2022/11/24,40.18,40.68,39.990002,40.599998,40.599998,5537000
2022/11/25,40.509998,40.709999,40.27,40.27,40.27,876000
2022/11/28,39.029999,39.549999,38.799999,39.189999,39.189999,2478270
2022/11/29,39.029999,40.060001,38.75,39.970001,39.970001,791100
2022/11/30,39.799999,40.82,39.77,40.82,40.82,1666070
2022/12/1,42.189999,42.48,41.490002,41.77,41.77,3393000
2022/12/2,41.099998,41.580002,41.029999,41.279999,41.279999,938024
2022/12/5,41.200001,42.040001,41.200001,41.43,41.43,1552000
2022/12/6,41.150002,41.259998,40.16,40.16,40.16,1294000
2022/12/7,39.869999,40.57,39.619999,39.700001,39.700001,1376000
2022/12/8,39.419998,39.43,38.669998,39.119999,39.119999,1553000
2022/12/9,39.720001,40.290001,39.52,40.099998,40.099998,718000
2022/12/12,39.540001,39.540001,39.040001,39.459999,39.459999,714000
2022/12/13,39.810001,39.82,39.110001,39.259998,39.259998,749000
2022/12/14,39.59,40.330002,39.529999,40.25,40.25,1448000
2022/12/15,39.790001,40.400002,39.75,40.34,40.34,1005000
2022/12/16,38.740002,39.32,38.610001,38.919998,38.919998,1959000
2022/12/19,38.439999,38.950001,38.43,38.57,38.57,630000
2022/12/20,38.389999,38.709999,37.049999,37.099998,37.099998,1998027
2022/12/21,37.48,37.740002,37.25,37.389999,37.389999,1046000
2022/12/22,38.150002,38.610001,38.049999,38.580002,38.580002,715152
2022/12/23,37.369999,37.759998,37.220001,37.580002,37.580002,709050
2022/12/26,37.720001,37.84,37.549999,37.84,37.84,119000
2022/12/27,38.139999,38.549999,38.009998,38.16,38.16,500058
2022/12/28,37.349998,37.52,36.919998,37.099998,37.099998,1048000
2022/12/29,36.59,36.880001,36.240002,36.82,36.82,927000
2022/12/30,37.529999,37.630001,37.290001,37.32,37.32,840208
2023/1/3,36.720001,37.790001,36.310001,37.709999,37.709999,1100000
2023/1/4,37.560001,37.93,37.5,37.709999,37.709999,647025
2023/1/5,38.169998,38.48,37.790001,37.91,37.91,2051000
2023/1/6,37.98,38.580002,37.970001,38.450001,38.450001,1093078
2023/1/9,39.639999,40.48,39.599998,40.48,40.48,1590000
2023/1/10,40.66,40.919998,40.439999,40.900002,40.900002,2401000
2023/1/11,41.150002,41.150002,40.529999,40.689999,40.689999,985075
2023/1/12,40.939999,40.950001,40.310001,40.490002,40.490002,1290086
2023/1/13,41.759998,41.759998,40.869999,41,41,1659161
2023/1/16,41.5,41.849998,41.419998,41.450001,41.450001,922120
2023/1/17,41.5,41.75,41.400002,41.549999,41.549999,701020
2023/1/30,44.830002,44.900002,43.939999,44.389999,44.389999,1946010
2023/1/31,44.360001,44.41,43.619999,43.639999,43.639999,1163260
2023/2/1,44.07,44.18,43.639999,44.130001,44.130001,1359410
2023/2/2,44.970001,45.389999,44.669998,45.360001,45.360001,1062150
2023/2/3,45.130001,45.540001,44.759998,45.299999,45.299999,691047
2023/2/6,44.560001,44.740002,44.240002,44.240002,44.240002,1008580
2023/2/7,44.220001,44.459999,44.099998,44.299999,44.299999,678000
2023/2/8,44.880001,45.5,44.82,45.389999,45.389999,1002170
2023/2/9,45.07,45.349998,45.009998,45.349998,45.349998,877096
2023/2/10,45.220001,45.299999,44.93,45.16,45.16,2234310
2023/2/13,45.09,45.09,44.43,44.919998,44.919998,490000
2023/2/14,45.43,45.799999,45.310001,45.689999,45.689999,580020
2023/2/15,44.790001,45.060001,44.110001,44.110001,44.110001,1239009
2023/2/16,44.630001,45.360001,44.630001,45.189999,45.189999,1097000
2023/2/17,44.509998,44.66,44.200001,44.5,44.5,2692056
2023/2/20,44.360001,45.09,44.25,44.880001,44.880001,1294000
2023/2/21,44.779999,45.099998,44.68,44.959999,44.959999,349100
2023/2/22,44.060001,44.27,43.740002,44.150002,44.150002,1630018
2023/2/23,44.540001,45.650002,44.540001,45.43,45.43,1597285
2023/2/24,45.669998,45.82,45.02,45.02,45.02,1959300
2023/3/1,44.049999,45.099998,43.889999,45.099998,45.099998,1124100
2023/3/2,45.080002,45.220001,44.459999,45.150002,45.150002,1206259
2023/3/3,45.529999,45.75,45.220001,45.459999,45.459999,914000
2023/3/6,46.130001,46.73,45.880001,46.41,46.41,1853803
2023/3/7,46.360001,47.139999,46.299999,47.060001,47.060001,1195198
2023/3/8,46.439999,46.599998,46.099998,46.560001,46.560001,1073304
2023/3/9,46.77,46.82,46.279999,46.360001,46.360001,487130
2023/3/10,45.279999,45.369999,44.57,44.740002,44.740002,1446206
2023/3/13,44.630001,45,43.939999,44.950001,44.950001,2323000
2023/3/14,43.860001,44.349998,43.740002,43.990002,43.990002,1263002
2023/3/15,44.48,44.93,44.189999,44.189999,44.189999,3390000
2023/3/16,43.740002,43.959999,43.119999,43.389999,43.389999,4652100
2023/3/17,44.080002,44.599998,44.080002,44.580002,44.580002,762065
2023/3/20,44.73,44.75,44.259998,44.419998,44.419998,536000
2023/3/21,44.970001,45.16,44.709999,44.900002,44.900002,471221
2023/3/22,45.650002,46.389999,45.650002,46.369999,46.369999,947969
2023/3/23,46.240002,47.220001,46.240002,47,47,840671
2023/3/24,47.209999,47.5,46.880001,47.490002,47.490002,796320
2023/3/27,47.209999,47.34,46.849998,47.040001,47.040001,786370
2023/3/28,46.779999,47,46.029999,46.150002,46.150002,1103150
2023/3/29,46.549999,46.73,46.080002,46.459999,46.459999,463000
2023/3/30,47.009998,47.169998,46.68,46.98,46.98,460423
2023/3/31,47.380001,47.799999,47.25,47.299999,47.299999,838550
2023/4/6,46.700001,46.82,46.27,46.689999,46.689999,985000
2023/4/7,47.07,47.240002,46.880001,47.029999,47.029999,292000
2023/4/10,47.349998,47.630001,47.049999,47.299999,47.299999,533062
2023/4/11,47.240002,47.77,47.130001,47.59,47.59,614000
2023/4/12,47.720001,47.73,47.299999,47.650002,47.650002,562138
2023/4/13,47.400002,47.439999,46.950001,46.950001,46.950001,647208
2023/4/14,47.310001,48,47.240002,47.860001,47.860001,802400
2023/4/17,47.450001,47.810001,47.369999,47.779999,47.779999,514000
2023/4/18,47.669998,47.860001,47.25,47.360001,47.360001,593661
2023/4/19,47.459999,47.59,46.830002,46.91,46.91,779221
2023/4/20,46.580002,46.91,46.299999,46.5,46.5,634050
2023/4/21,46.759998,46.830002,45.849998,45.900002,45.900002,859270
2023/4/24,45.630001,46.080002,45.580002,45.98,45.98,642915
2023/4/25,46.02,46.029999,44.490002,44.52,44.52,1860400
2023/4/26,44.43,44.599998,44.130001,44.540001,44.540001,822250
2023/4/27,44.369999,44.959999,44.130001,44.709999,44.709999,604246
2023/4/28,45.310001,45.740002,45.25,45.599998,45.599998,651450
2023/5/2,45.66,46.200001,45.52,45.93,45.93,677000
2023/5/3,45.599998,45.700001,45.389999,45.580002,45.580002,527500
2023/5/4,45.299999,45.849998,45.25,45.77,45.77,700426
2023/5/5,46.07,46.290001,45.639999,46.02,46.02,480040
2023/5/8,46.599998,46.779999,46.400002,46.490002,46.490002,529255
2023/5/9,46.5,46.580002,46.049999,46.5,46.5,374100
2023/5/10,46.299999,46.310001,45.700001,45.880001,45.880001,710450
2023/5/11,46.150002,46.150002,45.330002,45.330002,45.330002,566221
2023/5/12,44.93,45.549999,44.779999,45.349998,45.349998,814035
2023/5/15,45.029999,45.299999,44.779999,45.259998,45.259998,747250
2023/5/16,45.830002,46.459999,45.799999,46.299999,46.299999,902350
2023/5/17,46.459999,47.82,46.450001,47.700001,47.700001,1635512
2023/5/18,48.5,48.939999,48.220001,48.849998,48.849998,1466528
2023/5/19,49.110001,49.310001,48.849998,49.150002,49.150002,1048420
2023/5/22,49.189999,49.369999,49,49.139999,49.139999,833200
2023/5/23,49.150002,49.59,48.869999,49.279999,49.279999,521000
2023/5/24,48.860001,48.98,48.48,48.889999,48.889999,944000
2023/5/25,49.68,49.779999,49.150002,49.650002,49.650002,1012000
2023/5/26,50.799999,51.200001,50.549999,51.049999,51.049999,1254200
2023/5/29,52.150002,52.25,51.799999,51.900002,51.900002,863491
2023/5/30,51.950001,52.150002,51.599998,52,52,474200
2023/5/31,51.900002,52.099998,51.25,51.75,51.75,928380
2023/6/1,51.200001,51.549999,51,51.400002,51.400002,686251
2023/6/2,52,53,52,52.75,52.75,807244
2023/6/5,52.650002,53.150002,52.549999,52.599998,52.599998,871197
2023/6/6,52.650002,53.25,52.599998,52.950001,52.950001,533279
2023/6/7,53.25,54.049999,53.200001,54,54,959101
2023/6/8,53.700001,53.799999,52.599998,52.799999,52.799999,1096149
2023/6/9,53.450001,54,53.349998,53.75,53.75,481342
2023/6/12,54.200001,54.599998,54.099998,54.299999,54.299999,640018
2023/6/13,55.349998,56.450001,55.200001,56.099998,56.099998,1139628
2023/6/14,55.700001,56.150002,55.599998,56.099998,56.099998,535296
2023/6/15,56.25,56.799999,56.200001,56.75,56.75,722402
2023/6/16,56.700001,56.75,56.099998,56.5,56.5,1283138
2023/6/19,56,56.5,55.849998,56.299999,56.299999,594108
2023/6/20,56.049999,56.25,55.400002,55.75,55.75,889288
2023/6/21,55.849998,56.200001,55.549999,55.849998,55.849998,688045
2023/6/26,55.099998,55.25,54.700001,54.950001,54.950001,1023254
2023/6/27,54.349998,54.900002,53.950001,54.099998,54.099998,1309717
2023/6/28,54.549999,54.549999,54,54.25,54.25,880299
2023/6/29,55.150002,55.599998,54.150002,54.349998,54.349998,1127682
2023/6/30,54,54.650002,53.849998,54.650002,54.650002,648537
2023/7/3,55.299999,56.049999,55.299999,56.049999,56.049999,1026802
2023/7/4,56.150002,56.599998,55.75,56.549999,56.549999,1054100
2023/7/5,56.5,56.5,55.700001,55.900002,55.900002,919789
2023/7/6,54.75,55.150002,53.799999,53.950001,53.950001,2482277
2023/7/7,53.299999,53.849998,52.799999,53.349998,53.349998,2540929
2023/7/10,53.549999,54,52.900002,53.25,53.25,1309236
2023/7/11,54.200001,54.849998,54.150002,54.75,54.75,1406494
2023/7/12,54.700001,55.150002,54.549999,55.099998,55.099998,971018
2023/7/13,56.450001,57.299999,56.049999,56.299999,56.299999,2055450
2023/7/14,57,57.650002,56.650002,57.549999,57.549999,1179298
2023/7/17,57.400002,57.900002,57.200001,57.5,57.5,1025842
2023/7/18,57.849998,58.200001,56.75,57.099998,57.099998,1222500
2023/7/19,57.700001,57.75,56.299999,56.400002,56.400002,1758340
2023/7/20,56.299999,56.950001,56.25,56.700001,56.700001,928400
2023/7/21,55.099998,56,54.849998,55.700001,55.700001,1733187
2023/7/24,55.75,56.150002,55.099998,55.950001,55.950001,959254
2023/7/25,56.599998,57.5,56.599998,57.200001,57.200001,1193580
2023/7/26,57.099998,57.25,56.599998,56.700001,56.700001,895979
2023/7/27,57.549999,57.75,57.200001,57.599998,57.599998,780304
2023/7/28,57.200001,58,57,57.700001,57.700001,1062422
2023/7/31,58.799999,58.849998,56.400002,56.599998,56.599998,2133279
2023/8/1,57.25,57.450001,56.75,57.25,57.25,1077396
2023/8/2,57,57.049999,54.799999,55,55,3594873
2023/8/4,54.650002,55.200001,54.349998,54.900002,54.900002,1698999
2023/8/7,55.200001,56.150002,55.049999,56.150002,56.150002,893701
2023/8/8,55.799999,55.950001,54.450001,55,55,1630086
2023/8/9,54.650002,55.549999,54.549999,55,55,807400
2023/8/10,54.650002,54.650002,53.349998,53.700001,53.700001,3056044
2023/8/11,54,54.349998,53.349998,53.599998,53.599998,1030626
2023/8/14,52.650002,52.75,51.549999,51.950001,51.950001,3412297
2023/8/15,52.549999,52.950001,52.349998,52.5,52.5,1523086
2023/8/16,51.799999,52.200001,51.549999,52.049999,52.049999,1195392
2023/8/17,51.349998,52.900002,51.049999,52.799999,52.799999,1400263
2023/8/18,52.5,53.150002,51.799999,51.950001,51.950001,1220252
2023/8/21,52.549999,52.599998,51.849998,51.849998,51.849998,661080
2023/8/22,52.799999,52.849998,52.150002,52.400002,52.400002,779532
2023/8/23,52.400002,53.25,52.299999,53.200001,53.200001,906402
2023/8/24,54.450001,54.75,53.950001,54.5,54.5,1731530
2023/8/25,53.299999,53.400002,52.400002,52.5,52.5,1583956
2023/8/28,52.75,53.099998,52.650002,52.849998,52.849998,615500
2023/8/29,53.150002,53.650002,52.599998,53.650002,53.650002,555792
2023/8/30,54.5,54.599998,54.099998,54.299999,54.299999,848320
2023/8/31,54.049999,54.099998,53.599998,53.75,53.75,942670
2023/9/1,53.599998,54.25,53.599998,53.950001,53.950001,510450
2023/9/4,53.75,54.599998,53.599998,54.549999,54.549999,854785
2023/9/5,54.299999,54.599998,54.200001,54.599998,54.599998,359328
2023/9/6,54.650002,54.650002,54.200001,54.299999,54.299999,709621
2023/9/7,53.650002,53.900002,53.299999,53.299999,53.299999,1055195
2023/9/8,52.849998,53.299999,52.75,53.200001,53.200001,606521
2023/9/11,53.299999,53.299999,52.049999,52.349998,52.349998,1386419
2023/9/12,52.549999,53.349998,52.25,53.25,53.25,795518
2023/9/13,53.349998,53.75,53,53.25,53.25,507313
2023/9/14,54.049999,55,53.950001,55,55,1413066
2023/9/15,55.049999,55.450001,54.75,55.450001,55.450001,869900
2023/9/18,54.5,54.700001,54.150002,54.150002,54.150002,1175100
2023/9/19,54.25,54.349998,53.650002,53.700001,53.700001,757256
2023/9/20,53.450001,53.700001,53.049999,53.150002,53.150002,906837
2023/9/21,52.150002,52.299999,51.349998,51.450001,51.450001,3351441
2023/9/22,51.049999,51.799999,51,51.700001,51.700001,1316694
2023/9/25,51.900002,52.599998,51.900002,52.450001,52.450001,1293296
2023/9/26,51.75,52.049999,51.25,51.299999,51.299999,1262059
2023/9/27,51.049999,51.599998,51,51.450001,51.450001,1004711
2023/9/28,52,52.25,51.349998,51.799999,51.799999,771000
2023/10/2,52.849998,53.299999,52.75,53.099998,53.099998,1281720
2023/10/3,52.799999,52.950001,52.25,52.25,52.25,863594
2023/10/4,51.099998,51.299999,50.549999,51.25,51.25,1729015
2023/10/5,51.599998,52.549999,51.599998,52.450001,52.450001,1169600
2023/10/6,52.849998,52.900002,52.5,52.75,52.75,609252
2023/10/11,54.099998,54.299999,53.650002,53.900002,53.900002,1536778
2023/10/12,54.299999,54.849998,54.099998,54.75,54.75,1556676
2023/10/13,54.25,54.599998,54.099998,54.299999,54.299999,732302
2023/10/16,53.549999,53.75,53.299999,53.650002,53.650002,850999
2023/10/17,54.200001,54.25,53.450001,53.450001,53.450001,589610
2023/10/18,53.25,53.25,52.25,52.25,52.25,1513999
2023/10/19,51.950001,52.400002,51.799999,52.25,52.25,950128
2023/10/20,51.599998,52.200001,50.950001,52,52,2227999
2023/10/23,51.450001,51.549999,50.950001,51.049999,51.049999,1897599
2023/10/24,51,51.5,50.299999,51.450001,51.450001,2749049
2023/10/25,51.700001,52.299999,51.700001,51.75,51.75,933669
2023/10/26,49.970001,50.400002,49.68,49.68,49.68,3947051
2023/10/27,50.25,50.650002,50.049999,50.25,50.25,1116000
2023/10/30,50.450001,50.700001,50.099998,50.25,50.25,783000
2023/10/31,50.400002,50.5,49.209999,49.25,49.25,2003148
2023/11/1,49.84,49.93,49.209999,49.720001,49.720001,910000
2023/11/2,50.900002,51.700001,50.900002,51.650002,51.650002,2035122
2023/11/3,52.150002,52.549999,52.049999,52.400002,52.400002,1520229
2023/11/6,53.25,53.900002,53.150002,53.5,53.5,2172268
2023/11/7,53.200001,53.549999,53.099998,53.5,53.5,871916
2023/11/8,53.549999,54.25,53.549999,54,54,1028235
2023/11/9,53.799999,54.099998,53.549999,54.049999,54.049999,882530
2023/11/10,53.299999,53.650002,53.25,53.549999,53.549999,1009320
2023/11/13,55.25,55.299999,54.450001,54.75,54.75,1686399
2023/11/14,55.200001,55.349998,55,55.150002,55.150002,1027389
2023/11/15,56.599998,56.650002,56,56.450001,56.450001,1906702
2023/11/16,56.75,56.799999,56.150002,56.549999,56.549999,2079531
2023/11/17,56.549999,57.049999,56.549999,56.900002,56.900002,2011249
2023/11/20,56.900002,57.049999,56.5,56.799999,56.799999,664487
2023/11/21,57.599998,58.25,57.599998,58.150002,58.150002,1757665
2023/11/22,57.400002,57.650002,57.099998,57.349998,57.349998,1501543
2023/11/23,57.299999,57.549999,56.849998,57.349998,57.349998,1084409
2023/11/24,57.549999,57.650002,57.150002,57.349998,57.349998,990400
2023/11/27,57.549999,57.75,56.400002,56.400002,56.400002,1361460
2023/11/28,56.700001,58.049999,56.700001,57.75,57.75,1603351
2023/11/29,57.950001,58.349998,57.700001,57.700001,57.700001,1396369
2023/11/30,57.900002,58.099998,57.349998,58,58,665027
2023/12/1,57.700001,58.25,57.549999,58.25,58.25,711200
2023/12/4,58.650002,58.700001,58,58.299999,58.299999,825079
2023/12/5,57.450001,57.5,57,57.5,57.5,1045818
2023/12/6,57.700001,58.400002,57.700001,57.900002,57.900002,675286
2023/12/7,57.650002,57.849998,57.200001,57.200001,57.200001,590490
2023/12/8,58.25,58.549999,57.900002,57.900002,57.900002,943777
2023/12/11,58.150002,58.200001,57.799999,58.150002,58.150002,365673
2023/12/12,58.849998,58.950001,58.299999,58.450001,58.450001,1026098
2023/12/13,58.599998,58.900002,58.349998,58.5,58.5,723051
2023/12/14,59.700001,60,59.5,59.849998,59.849998,1942580
2023/12/15,60.400002,60.549999,60.049999,60.099998,60.099998,927020
2023/12/18,59.650002,59.900002,59.349998,59.849998,59.849998,875100
2023/12/19,59.549999,59.549999,58.849998,59.200001,59.200001,1366050
2023/12/20,59.549999,59.900002,59.400002,59.900002,59.900002,1407000
2023/12/21,58.299999,59,58.299999,59,59,2096200
2023/12/22,59.099998,59.349998,59,59.200001,59.200001,821140
2023/12/25,59.450001,59.700001,59.450001,59.549999,59.549999,941603
2023/12/26,59.700001,60.349998,59.700001,60.349998,60.349998,951024
2023/12/27,60.400002,61.200001,60.400002,61.150002,61.150002,1282322
2023/12/28,61.150002,61.349998,60.900002,61.099998,61.099998,740130
2023/12/29,61.200001,61.450001,60.950001,61.299999,61.299999,943216
2024/1/2,61.450001,61.599998,60.450001,60.700001,60.700001,1162187
2024/1/3,59.599998,59.650002,58.849998,59.049999,59.049999,3619402
2024/1/4,59.150002,59.299999,58.900002,58.950001,58.950001,1132280
2024/1/5,59.099998,59.549999,58.650002,58.75,58.75,904500
2024/1/8,59.5,60,59.25,59.349998,59.349998,1072402
2024/1/9,60.049999,60.049999,58.950001,59.200001,59.200001,1235323
2024/1/10,58.5,58.799999,58.349998,58.549999,58.549999,1609310
2024/1/11,58.799999,59.450001,58.700001,59.299999,59.299999,1158216
2024/1/12,58.650002,59.25,58.450001,58.849998,58.849998,1251184
2024/1/15,59.5,59.75,59,59.299999,59.299999,1031544
2024/1/16,58.299999,58.450001,57.700001,57.950001,57.950001,1941085
2024/1/17,57.75,57.799999,56.950001,57.299999,57.299999,2861431
2024/1/18,57.400002,57.599998,56.849998,57.150002,57.150002,1738000
2024/1/19,59,59.900002,58.75,59.849998,59.849998,2514105
2024/1/22,60.75,60.950001,60.299999,60.700001,60.700001,1478937
2024/1/23,61,61.200001,60.75,61.200001,61.200001,1031500
2024/1/24,61.400002,61.549999,61.150002,61.150002,61.150002,1530293
2024/1/25,61.849998,61.950001,61.5,61.849998,61.849998,1197600
2024/1/26,61.650002,62.049999,61.650002,61.75,61.75,1231580
2024/1/29,61.75,62.799999,61.75,62.75,62.75,1245550
2024/1/30,62.599998,62.799999,62.400002,62.650002,62.650002,707633
2024/1/31,61.849998,61.950001,61.299999,61.349998,61.349998,1143077
2024/2/1,61.599998,61.799999,61.150002,61.799999,61.799999,901602
2024/2/2,62.349998,62.599998,62.200001,62.599998,62.599998,813903
2024/2/5,62.099998,62.799999,61.849998,62.700001,62.700001,1775486
2024/2/15,66.449997,66.699997,65.800003,66.599998,66.599998,2465670
2024/2/16,66.800003,67,66.400002,66.5,66.5,796883
2024/2/19,66.5,66.699997,66.25,66.599998,66.599998,633075
2024/2/20,66.25,67.099998,66.199997,67.099998,67.099998,716110
2024/2/21,66.849998,67,66.550003,66.650002,66.650002,817125
2024/2/22,67.800003,68.099998,67.050003,68.099998,68.099998,841037
2024/2/23,68.650002,68.900002,68.300003,68.300003,68.300003,1123000
2024/2/26,68.150002,68.900002,67.949997,68.800003,68.800003,1085859
2024/2/27,68.849998,69,67.199997,68,68,1988189
2024/2/29,67.699997,68.849998,67.650002,68.650002,68.650002,1052115
2024/3/1,68.949997,69.050003,68.400002,68.650002,68.650002,716000
2024/3/4,70,71.400002,70,71.099998,71.099998,1723283
2024/3/5,71.75,72.050003,71.150002,71.849998,71.849998,1479000
2024/3/6,71,72.75,71,72.5,72.5,1636100
2024/3/7,73.949997,74.550003,73.199997,74.150002,74.150002,2241070
2024/3/8,76.25,76.300003,73.699997,74.650002,74.650002,2822162
2024/3/11,74.300003,75,73.900002,74.199997,74.199997,1583010
2024/3/12,74.300003,75.949997,74.199997,75.900002,75.900002,1108213
2024/3/13,76.650002,76.849998,75.5,75.849998,75.849998,1402100
2024/3/14,75.800003,76.150002,74.849998,75.699997,75.699997,880393
2024/3/15,74.949997,75.349998,74.5,74.5,74.5,1114590
2024/3/18,74.599998,75.699997,74.449997,75.699997,75.699997,1171278
2024/3/19,74.699997,75.650002,74.449997,75.449997,75.449997,1201200
2024/3/20,75.800003,75.949997,74.599998,74.849998,74.849998,1178154
2024/3/21,76.599998,78.050003,76.550003,78,78,2581018
2024/3/22,77.949997,78.300003,77.099998,77.900002,77.900002,1859425
2024/3/25,77.949997,78.449997,77.599998,78,78,1232283
2024/3/26,78.900002,79.699997,76.5,77.599998,77.599998,2086000
2024/3/27,77.699997,78.300003,77.300003,78.050003,78.050003,1357050
2024/3/28,77.800003,78,76.800003,77.699997,77.699997,1098030
2024/3/29,78.099998,78.300003,77.650002,78.099998,78.099998,1135000
2024/4/1,78.800003,79.150002,78.150002,78.300003,78.300003,1111032
2024/4/2,79,80,78.949997,80,80,905850
2024/4/3,78.900002,79.349998,78.25,79,79,2231133
2024/4/8,79,80.099998,79,79.699997,79.699997,914100
2024/4/9,80.25,82.900002,80.25,82.849998,82.849998,2482650
2024/4/10,82.550003,83.050003,82.25,82.599998,82.599998,1423326
2024/4/11,81.650002,82,81.150002,81.900002,81.900002,1207075
2024/4/12,81.650002,82.300003,81.449997,81.949997,81.949997,958225
2024/4/15,80.599998,80.699997,79.699997,80.050003,80.050003,2315251
2024/4/16,78.150002,78.300003,74.5,75.550003,75.550003,5888685
2024/4/17,76.150002,77.5,75.949997,77.199997,77.199997,1655952
2024/4/18,76.150002,78.199997,75.849998,78.099998,78.099998,1314560
2024/4/19,75.050003,75.099998,70.150002,72.25,72.25,9286385
2024/4/22,72.099998,73.150002,71.400002,71.849998,71.849998,2952450
2024/4/23,73.449997,73.550003,72.199997,73.150002,73.150002,1784281
2024/4/24,75.150002,77,75.150002,76.849998,76.849998,2209661
2024/4/25,75.150002,75.349998,74.349998,74.599998,74.599998,2010661
2024/4/26,76.449997,77.449997,76.099998,76.699997,76.699997,1723610
2024/4/29,78.550003,79.599998,78.349998,79.449997,79.449997,1940291
2024/4/30,79.5,79.75,78.949997,78.949997,78.949997,1263980
2024/5/2,77.699997,78.300003,77.349998,77.75,77.75,1171143
2024/5/3,79.550003,79.75,77.75,78.150002,78.150002,1209045
2024/5/6,80.050003,80.75,79.650002,79.949997,79.949997,1736172
2024/5/7,81,81.050003,79.5,80.349998,80.349998,1246814
2024/5/8,80.199997,80.949997,79.800003,80.900002,80.900002,910123
2024/5/9,80.699997,81.199997,80.199997,80.199997,80.199997,900487
2024/5/10,80.949997,81.699997,80.099998,81.449997,81.449997,929999
2024/5/13,82.75,82.800003,81.800003,82.099998,82.099998,1522467
2024/5/14,82.300003,83.199997,82.099998,83.150002,83.150002,926481
2024/5/15,84.400002,86,84.300003,84.75,84.75,2131010
2024/5/16,87,87.550003,85.699997,85.900002,85.900002,1814282
2024/5/17,85.900002,86.300003,85.349998,85.699997,85.699997,1301208
2024/5/20,86.199997,86.199997,84.349998,85.599998,85.599998,1943300
2024/5/21,85.349998,85.75,84.400002,85.349998,85.349998,1229500
2024/5/22,86.050003,87.949997,85.949997,87.75,87.75,1307646
2024/5/23,87.849998,88.349998,86.949997,87.900002,87.900002,1353500
2024/5/24,86.75,88.099998,86.650002,87.800003,87.800003,1094332
2024/5/27,89,90.449997,89,90.050003,90.050003,1566400
2024/5/28,90.25,91.099998,90,90.900002,90.900002,1345113
2024/5/29,90.400002,90.400002,89.099998,89.099998,89.099998,2212468
2024/5/30,86.650002,87.5,86.050003,86.150002,86.150002,3115822
2024/5/31,87,87.650002,85.300003,85.300003,85.300003,2177858
2024/6/3,87.550003,88.599998,86.400002,88.199997,88.199997,2231701
2024/6/4,87.25,87.25,85.349998,85.800003,85.800003,2221995
2024/6/5,86.099998,86.900002,84.849998,86.599998,86.599998,1796139
2024/6/6,89.949997,90.650002,89.349998,90.150002,90.150002,2686470
2024/6/7,89.550003,90.099998,89.400002,89.800003,89.800003,1538445
2024/6/11,90,90.699997,89.349998,89.5,89.5,1602585
2024/6/12,89.849998,91.550003,89.599998,91.449997,91.449997,1684569
2024/6/13,93.599998,95,92.800003,93.699997,93.699997,2242215
2024/6/14,93.699997,95,93.300003,95,95,2026313
2024/6/17,94.849998,95.699997,94.550003,95,95,1300504
2024/6/18,97,97.800003,96.699997,97.75,97.75,1526520
2024/6/19,99.599998,102,99.550003,101.599998,101.599998,3563704
2024/6/20,101.650002,103.599998,101.599998,103.599998,103.599998,2220674
2024/6/21,101.599998,103,101.300003,102.5,102.5,2790895
2024/6/24,100.449997,100.550003,98.099998,98.25,98.25,4854990
2024/6/25,97.300003,98.699997,95.5,98.5,98.5,3801475
2024/6/26,99.400002,100.449997,98.300003,99.400002,99.400002,3035322
2024/6/27,97.5,99,97.300003,98.800003,98.800003,1996776
2024/6/28,99.150002,101.449997,98.75,100.400002,100.400002,2346320
2024/7/1,100.75,101.849998,100.050003,100.449997,100.449997,2390750
2024/7/2,99.550003,100.349998,98.099998,98.949997,98.949997,3460829
2024/7/3,101.099998,101.800003,100.25,101.699997,101.699997,1889546
2024/7/4,104.75,105.900002,104.550003,105.900002,105.900002,2789229
2024/7/5,106.199997,106.400002,105.25,105.349998,105.349998,2062056
2024/7/8,105.699997,109.300003,105.300003,108.650002,108.650002,3306971
2024/7/9,108.800003,110.25,106,108.099998,108.099998,4459359
2024/7/10,107.699997,109.300003,106.699997,109.300003,109.300003,2161495
2024/7/11,111.550003,113.050003,110.800003,112.5,112.5,3603917
2024/7/12,108.599998,109.5,107.25,107.650002,107.650002,6727546
2024/7/15,108.900002,109.050003,107,107.75,107.75,2479002
2024/7/16,108.25,110.699997,108,108.75,108.75,2898373
2024/7/17,108.050003,108.849998,106.599998,107.449997,107.449997,4053146
2024/7/18,102.650002,104.050003,101.800003,103.650002,103.650002,6990599
2024/7/19,101.650002,101.900002,99.099998,99.349998,99.349998,7353563
2024/7/22,98.25,98.400002,93.550003,94.900002,94.900002,10456109
2024/7/23,97.349998,99,97.300003,99,99,4268340
2024/7/24,99,99,99,99,99,0
2024/7/25,99,99,99,99,99,0